query	scan_list
Mono-3-OH	[26026, 27481, 27780, 27852, 29997, 44010, 46709, 46757, 47098, 66177, 66322, 66374, 72262, 76792, 77504, 78749, 78818, 83320, 87005, 88327, 88404, 89494, 89954, 90750, 90751, 91339, 91368, 91393, 94261, 95136, 97414, 99971, 100057, 100203, 100957, 102108, 102128, 102140, 102150, 102919, 103753, 103899, 103918, 103943, 103946, 105514, 105555, 105571, 106405, 106584, 106631, 107154, 107338, 107486, 107579, 107983, 108924, 109416, 110646, 110735, 112094, 112799, 113115, 113814, 114364, 117833, 122563, 124087]
Mono-3a-OH	[30270, 46298, 61476, 61856, 66545, 68697, 69175, 70494, 71828, 72578, 72812, 73426, 73475, 73489, 73513, 73515, 74321, 74328, 74873, 75325, 76709, 76751, 76948, 77151, 78818, 80018, 81040, 81162, 81374, 81575, 81758, 81775, 81886, 81892, 82285, 82684, 82860, 83320, 83372, 83851, 84366, 84550, 84692, 85307, 85391, 85828, 85850, 85873, 85937, 86100, 86982, 87075, 87096, 87111, 87483, 87611, 87626, 87782, 87867, 88050, 88332, 88426, 88590, 88740, 88933, 88992, 88996, 88998, 89026, 89143, 89172, 89271, 89400, 89520, 89568, 89595, 89955, 90060, 90136, 90143, 90289, 90452, 90587, 90627, 90906, 91056, 91284, 91339, 91359, 91368, 91479, 91683, 91842, 91965, 92013, 92112, 92125, 92199, 92236, 92276, 92307, 92349, 92360, 92389, 92432, 92468, 92492, 92702, 92889, 92905, 93017, 93080, 93100, 93313, 93410, 93505, 93625, 93637, 93640, 93670, 93729, 93767, 93837, 94072, 94261, 94394, 94422, 94435, 94487, 94491, 94509, 94522, 94539, 94696, 94714, 94716, 94811, 94843, 94865, 94870, 94911, 95017, 95037, 95103, 95217, 95302, 95376, 95417, 95514, 95549, 95562, 95573, 95666, 95741, 95761, 95779, 95819, 95865, 95899, 96032, 96212, 96234, 96306, 96339, 96421, 96787, 96817, 96866, 96871, 97392, 97414, 97465, 97466, 97571, 97592, 97667, 97668, 97794, 97828, 97834, 97836, 98213, 98253, 98276, 98279, 98356, 98526, 98574, 98631, 98701, 98713, 98743, 98768, 98788, 98796, 98799, 98800, 98809, 98849, 98870, 98892, 98917, 98965, 99095, 99164, 99261, 99288, 99307, 99313, 99332, 99464, 99563, 99586, 99604, 99638, 99659, 99763, 99768, 99807, 99862, 99935, 100020, 100108, 100203, 100204, 100278, 100639, 100775, 100866, 100930, 100931, 100939, 100949, 100989, 101022, 101064, 101286, 101328, 101438, 101626, 101659, 101692, 101731, 101782, 101792, 101797, 101834, 101856, 101858, 101877, 101984, 102016, 102053, 102080, 102107, 102112, 102274, 102301, 102362, 102393, 102486, 102526, 102594, 102600, 102656, 102674, 102707, 102723, 102883, 102886, 102891, 102942, 102977, 103014, 103037, 103058, 103129, 103132, 103163, 103189, 103205, 103250, 103331, 103339, 103411, 103481, 103543, 103592, 103697, 103713, 103745, 103814, 103859, 103943, 103946, 103961, 103967, 104097, 104099, 104138, 104165, 104226, 104265, 104299, 104433, 104463, 104542, 104597, 104635, 104711, 104724, 104776, 104777, 104844, 104859, 104902, 105051, 105102, 105112, 105142, 105190, 105457, 105514, 105566, 105678, 105792, 105793, 105904, 105912, 105981, 106095, 106229, 106230, 106231, 106304, 106410, 106574, 106577, 106580, 106653, 106671, 106800, 106817, 106829, 106835, 106944, 107083, 107100, 107135, 107150, 107184, 107246, 107440, 107446, 107450, 107460, 107755, 107868, 107869, 108124, 108125, 108217, 108349, 108353, 108446, 108453, 108542, 108678, 108771, 108914, 108923, 108924, 108963, 109011, 109012, 109121, 109240, 109386, 109401, 109416, 109428, 109454, 109488, 109530, 109723, 109852, 109894, 110051, 110139, 110153, 110171, 110261, 110316, 110330, 110349, 110358, 110443, 110501, 110502, 110524, 110610, 110690, 110726, 110735, 110796, 110833, 110838, 110963, 110982, 110993, 111001, 111004, 111045, 111075, 111144, 111238, 111400, 111402, 111477, 111514, 111525, 111565, 111651, 111674, 111757, 111801, 111818, 111838, 111843, 111849, 111852, 111862, 111905, 111906, 111929, 111937, 111962, 111969, 111973, 112047, 112371, 112400, 112414, 112492, 112499, 112911, 112912, 112971, 113075, 113115, 113234, 113339, 113423, 113443, 113511, 113514, 113886, 113932, 113933, 114171, 114178, 114207, 114219, 114327, 114418, 114422, 114512, 114656, 114666, 114674, 114677, 114744, 114792, 114813, 114931, 114942, 114947, 115038, 115071, 115149, 115157, 115175, 115260, 115274, 115276, 115285, 115289, 115320, 115323, 115418, 115420, 115472, 115473, 115479, 115499, 115568, 115569, 115571, 115638, 115821, 115829, 115843, 115873, 115954, 116008, 116015, 116145, 116177, 116371, 116457, 116512, 116517, 116536, 116581, 116619, 116634, 116662, 116717, 116878, 117035, 117062, 117154, 117464, 117633, 117639, 117646, 117716, 117734, 117981, 118079, 118126, 118128, 118170, 118299, 118407, 118684, 118725, 118794, 118854, 119280, 119281, 119328, 119493, 119553, 119583, 119649, 119717, 119755, 119776, 119809, 120053, 120218, 120269, 120308, 120343, 120385, 120406, 120625, 120750, 120845, 120854, 120874, 121043, 121046, 121090, 121163, 121338, 121344, 121362, 121424, 121430, 121501, 121817, 121822, 121959, 121992, 122016, 122092, 122258, 122334, 122379, 122404, 122537, 122563, 122611, 122642, 122704, 122705, 122803, 122916, 122942, 122972, 123202, 123210, 123361, 123388, 123453, 123501, 123533, 123571, 123592, 123725, 123738, 124015, 124020, 124032, 124100, 124187, 124211, 124331, 124376, 124755, 124827, 124832, 124965, 125011, 125146, 125415, 125419, 125518, 125522, 125525, 125535, 125570, 125572, 125893, 125924, 125965, 125991, 126018, 126019, 126031, 126033, 126058, 126059, 126283, 126306, 126396, 126461, 126573, 126607, 126822, 126843, 126862, 126989, 127009, 127014, 127198, 127226, 127530, 127575, 127717, 127745, 127828, 127867, 127905, 127928, 127989, 128023, 128094, 128342, 128357, 128453, 128491, 128618, 128620, 128658, 128659, 128687, 128836, 129083, 129377, 130738, 130790, 131823, 132673, 134446]
Mono-7a-OH	[4990, 32107, 39723, 48950, 68688, 72496]
Mono-7b-OH	[100707, 101397, 101821, 102919, 116512, 116536]
Di-1-OH-Sidechain; 1-OH-core_1	[90466, 106511, 111768, 111981]
Di-1-OH-Sidechain; 1-OH-core_2	[113347, 113351]
Di-1-OH-Sidechain; 1-OH-core_3	NA
Di-1-ketone	[72823, 76956, 76963, 79972, 118751, 121227]
Di-3,12a-OH; 7,12a-OH	[22638, 52704, 62875, 63019, 72235, 74029, 76968, 77258, 77313, 78103, 78838, 79434, 79565, 80085, 80226, 80569, 80609, 80845, 80858, 80866, 80997, 81058, 81093, 81262, 81399, 82269, 82318, 82725, 82731, 82776, 82818, 83015, 83076, 83082, 83085, 83123, 83155, 83461, 83560, 83561, 83672, 83861, 84071, 84377, 84413, 84550, 84702, 84734, 84744, 84768, 84811, 84847, 84848, 84857, 84912, 84922, 84934, 84941, 84942, 84960, 84967, 84968, 84984, 84989, 84990, 85005, 85011, 85040, 85122, 85263, 85290, 85306, 85318, 85374, 85416, 85439, 85602, 85604, 85640, 85675, 85677, 85693, 85737, 85742, 85745, 85750, 85793, 85811, 85828, 85881, 86223, 86273, 86314, 86325, 86409, 86452, 86751, 86863, 86866, 87039, 87043, 87072, 87092, 87185, 87192, 87395, 87424, 87456, 87483, 87529, 87611, 87626, 87630, 87774, 87782, 87970, 88428, 88445, 88514, 88597, 88772, 88777, 88786, 88795, 88797, 88842, 88850, 88901, 88929, 88933, 88971, 89193, 89271, 89295, 89359, 89381, 89418, 89419, 89428, 89486, 89514, 89519, 89521, 89568, 89595, 89596, 89618, 89898, 89955, 89991, 89997, 90065, 90118, 90288, 90413, 90468, 90512, 90514, 90562, 90627, 90683, 90828, 90958, 91050, 91105, 91138, 91140, 91156, 91180, 91189, 91198, 91217, 91260, 91284, 91330, 91333, 91343, 91446, 91515, 91556, 91604, 91611, 91683, 91697, 91701, 91704, 91706, 91710, 91737, 91749, 91752, 91754, 91758, 91766, 91767, 91771, 91773, 91779, 91780, 91791, 91800, 91801, 91870, 91874, 91898, 91963, 91970, 91975, 92013, 92111, 92112, 92127, 92236, 92307, 92335, 92349, 92354, 92361, 92389, 92432, 92468, 92476, 92561, 92583, 92771, 92825, 92829, 92932, 93044, 93080, 93167, 93184, 93185, 93207, 93220, 93308, 93362, 93371, 93640, 93649, 93652, 93670, 93673, 93747, 93748, 93749, 93786, 93884, 93995, 94072, 94131, 94184, 94209, 94254, 94303, 94320, 94346, 94348, 94373, 94387, 94394, 94405, 94450, 94483, 94484, 94616, 94670, 94696, 94709, 94728, 94870, 94945, 94992, 95036, 95037, 95039, 95040, 95088, 95112, 95202, 95217, 95218, 95271, 95302, 95338, 95376, 95387, 95417, 95514, 95564, 95573, 95575, 95576, 95612, 95666, 95667, 95693, 95716, 95741, 95817, 95819, 96090, 96128, 96309, 96310, 96356, 96368, 96371, 96461, 96491, 96494, 96505, 96531, 96566, 96630, 96643, 96691, 96782, 96786, 96866, 96913, 97003, 97160, 97392, 97541, 97667, 97704, 97794, 98107, 98141, 98279, 98357, 98368, 98371, 98375, 98631, 98786, 98878, 98947, 98970, 98973, 99010, 99032, 99134, 99164, 99191, 99288, 99329, 99332, 99401, 99403, 99572, 99612, 99769, 99774, 99862, 99915, 99985, 100005, 100104, 100108, 100198, 100204, 100230, 100278, 100279, 100315, 100319, 100339, 100356, 100380, 100401, 100402, 100494, 100496, 100543, 100570, 100579, 100613, 100621, 100644, 100649, 100658, 100680, 100689, 100711, 100717, 100719, 100737, 100792, 100931, 100945, 101011, 101042, 101064, 101072, 101111, 101130, 101180, 101187, 101286, 101324, 101329, 101389, 101404, 101438, 101648, 101740, 101797, 101822, 101983, 102080, 102144, 102194, 102225, 102273, 102274, 102307, 102333, 102377, 102393, 102521, 102527, 102545, 102551, 102772, 102880, 102883, 102886, 103020, 103053, 103205, 103339, 103411, 103441, 103580, 103661, 103728, 103814, 103879, 104075, 104099, 104163, 104539, 104549, 104602, 104629, 104683, 104724, 104776, 104831, 104844, 104847, 104859, 104861, 105019, 105035, 105094, 105281, 105425, 105684, 105697, 105797, 105952, 105954, 105955, 105987, 106549, 106660, 106670, 106671, 106685, 106736, 106953, 107087, 107217, 107238, 107743, 108083, 108226, 108273, 108285, 108289, 108305, 108389, 108417, 108453, 108489, 108542, 108584, 108675, 108771, 108923, 109055, 109192, 109246, 109298, 109446, 109509, 109523, 109529, 109569, 109582, 109583, 109617, 109618, 109639, 109642, 109740, 109748, 110024, 110029, 110062, 110063, 110081, 110184, 110201, 110285, 110423, 110428, 110441, 110541, 110663, 110694, 110794, 110961, 111000, 111091, 111143, 111144, 111203, 111212, 111387, 111400, 111609, 111754, 111755, 111760, 111791, 111810, 111816, 111821, 111849, 111913, 111927, 111951, 111959, 112048, 112049, 112253, 112400, 112727, 112743, 112750, 112759, 112762, 112772, 112794, 112797, 112820, 112821, 112911, 112962, 113046, 113186, 113234, 113265, 113312, 113384, 113481, 113654, 113933, 114047, 114407, 115038, 115181, 115499, 115712, 115846, 115873, 116177, 116312, 116619, 116641, 117020, 117023, 117214, 117264, 117397, 117411, 117426, 117464, 117658, 117752, 117981, 118839, 119323, 119633, 119677, 119702, 119770, 119847, 120054, 120151, 120224, 120639, 121043, 121064, 121290, 121393, 121665, 122642, 122747, 123035, 123648, 123742, 123942, 124185, 124331, 124376, 125965, 126167, 127284, 127801, 128663, 130215, 130720, 131411, 131823]
Di-3,12a-OH	[80315, 81262, 81399, 82725, 82776, 83015, 83333, 83462, 83465, 83468, 83469, 83470, 83561, 83582, 83583, 83672, 83749, 84744, 84770, 84912, 84922, 84934, 84942, 84960, 84967, 84968, 84984, 84989, 84990, 85005, 85011, 85263, 85290, 85306, 85314, 85416, 85503, 85675, 85793, 85881, 86120, 86172, 86220, 86223, 86273, 86615, 86628, 86706, 86758, 86866, 87003, 87192, 87395, 87595, 87830, 88033, 88428, 88514, 88597, 88696, 88698, 88786, 88830, 88842, 88850, 88929, 89898, 90065, 90361, 90400, 90407, 90409, 90443, 90468, 90718, 90776, 90958, 91008, 91104, 91107, 91260, 91267, 91291, 91446, 91467, 91513, 91514, 91515, 91605, 91606, 91609, 91611, 91612, 91618, 91697, 91706, 91710, 91749, 91754, 91767, 91773, 91779, 91780, 91880, 91882, 91883, 91885, 91970, 92045, 92198, 92361, 92447, 92475, 92476, 92492, 92760, 92825, 92829, 92932, 92944, 93042, 93043, 93044, 93052, 93640, 93652, 93670, 93673, 93748, 93791, 93867, 94214, 94320, 94335, 94348, 94915, 94953, 95037, 95190, 95218, 95300, 95302, 95417, 95576, 95667, 95693, 96371, 96494, 96501, 96711, 97003, 97140, 97160, 97465, 98291, 98357, 98375, 98500, 98556, 98799, 98800, 98825, 98917, 99010, 99160, 99332, 99401, 99600, 99604, 99612, 99659, 99935, 100108, 100278, 100285, 100315, 101012, 101042, 101111, 101237, 102274, 102321, 102331, 102333, 102338, 102377, 102393, 102716, 102718, 102772, 102883, 102886, 103318, 103365, 103728, 104629, 104700, 105035, 105339, 105848, 106583, 106670, 106752, 106755, 107341, 107743, 108226, 108374, 109069, 109246, 109523, 109529, 109618, 109728, 109871, 110063, 110103, 110139, 110423, 110457, 110529, 110694, 111091, 111626, 111801, 111828, 111969, 112371, 112531, 112709, 112710, 113046, 113654, 116008, 117023, 117041, 117061, 117062, 117154, 117223, 117639, 118586, 119255, 119323, 119493, 119633, 119677, 119847, 121043, 121665, 122412, 122749, 122917, 123184, 123942, 124015, 124965, 125396, 125522, 127009, 127014, 127717, 128491, 128658, 132673]
Di-7,12a-OH	[110330, 115843, 117042, 122734, 122747]
Di-3,7-OH; 3,6-OH; 3,12b-OH; 7,12b-OH	[81730, 82275, 83851, 84935, 86628, 86758, 86944, 87003, 87075, 88033, 88061, 88281, 88665, 88912, 89770, 90060, 90175, 90188, 90201, 90400, 90408, 90412, 90773, 90842, 90856, 91055, 91170, 91263, 91267, 91332, 91340, 91479, 91536, 91555, 91567, 91763, 91842, 91878, 92116, 92198, 92199, 92414, 92547, 92709, 92746, 92828, 92895, 92991, 92996, 93648, 93837, 94169, 94204, 94214, 94228, 94229, 94884, 94949, 95120, 96333, 96653, 96665, 96734, 96883, 97080, 97828, 97873, 97977, 97997, 98208, 98213, 98303, 98304, 98551, 98556, 98917, 99314, 99600, 100285, 100509, 100639, 100668, 100687, 100866, 100949, 101171, 101198, 101285, 101381, 101403, 101437, 101547, 101549, 101575, 101659, 101692, 101835, 101877, 101911, 102313, 102440, 103129, 103179, 103745, 103961, 104299, 104312, 104662, 104678, 104745, 104950, 105102, 105142, 105190, 105576, 105635, 106653, 106800, 107440, 107450, 107451, 107465, 107685, 107701, 107703, 107705, 107741, 107755, 107796, 107804, 107833, 107855, 107868, 107869, 107877, 108353, 108364, 108374, 108398, 108554, 108780, 108914, 108960, 109011, 109069, 109276, 109647, 110121, 110139, 110171, 110502, 110941, 110963, 110993, 111012, 111818, 111825, 111846, 112124, 112346, 112452, 112531, 112868, 112937, 113102, 113351, 113445, 113495, 113731, 113753, 114050, 114251, 114321, 114435, 114471, 114512, 114656, 114674, 114684, 115071, 115105, 115149, 115179, 115418, 115472, 115479, 115489, 115494, 115629, 115843, 116209, 116836, 117598, 117633, 117639, 117853, 118076, 118095, 118335, 118380, 118387, 118624, 119328, 119527, 119558, 119773, 119809, 119861, 120117, 120218, 120343, 121314, 121423, 122050, 122418, 122907, 122946, 122977, 123501, 123571, 123828, 124015, 124032, 124081, 124337, 124389, 124390, 124965, 125011, 125175, 125356, 125392, 125639, 125876, 126147, 127009, 127014, 127301, 131286, 132432, 132673]
Di-3,7-OH; 3,12b-OH; 7,12b-OH	[78914, 79830, 80385, 81730, 82364, 83794, 84935, 84976, 85493, 85821, 86270, 86758, 87019, 87830, 88033, 89644, 90028, 90060, 90175, 90201, 90400, 90402, 90405, 90407, 90408, 90409, 90412, 90443, 90587, 90718, 90773, 90776, 91008, 91055, 91107, 91170, 91263, 91267, 91291, 91332, 91340, 91467, 91965, 92045, 92116, 92198, 92199, 92216, 92447, 92475, 92536, 92537, 92709, 92828, 94214, 94228, 94281, 94387, 94416, 96643, 96869, 96883, 97243, 97571, 97997, 98207, 98208, 98303, 98304, 98356, 98606, 98917, 101171, 101193, 101285, 101403, 101421, 101430, 101437, 101547, 101710, 101714, 102313, 102611, 103046, 103130, 104265, 104358, 106095, 107701, 107705, 107804, 107877, 108948, 111681, 111756, 112318, 112912, 113475, 115629, 117660, 119285, 119554, 120372, 123828, 125146, 127012, 128620, 131286, 132432]
Di-3,6-OH	[61661, 74029, 76751, 78103, 78838, 79434, 79565, 79593, 80085, 80215, 80226, 80569, 80609, 80719, 80844, 80845, 80858, 81058, 81093, 81262, 81399, 81758, 81892, 82085, 82264, 82269, 82558, 82725, 82776, 82818, 83015, 83076, 83082, 83123, 83191, 83279, 83333, 83372, 83461, 83462, 83466, 83468, 83469, 83560, 83561, 83582, 83637, 83672, 83749, 83861, 83946, 84258, 84377, 84550, 84702, 84734, 84744, 84767, 84768, 84811, 84830, 84835, 84837, 84847, 84848, 84857, 84912, 84922, 84931, 84934, 84941, 84942, 84960, 84967, 84968, 84984, 84989, 84990, 85003, 85005, 85011, 85037, 85040, 85122, 85263, 85290, 85306, 85318, 85416, 85439, 85459, 85539, 85575, 85602, 85604, 85623, 85624, 85640, 85675, 85677, 85693, 85737, 85742, 85745, 85793, 85811, 85828, 85881, 85918, 86111, 86115, 86120, 86172, 86223, 86273, 86325, 86452, 86615, 86683, 86753, 86781, 86863, 86909, 86942, 86944, 86982, 87002, 87039, 87043, 87075, 87092, 87185, 87192, 87317, 87395, 87424, 87456, 87483, 87506, 87529, 87595, 87611, 87626, 87630, 87737, 87752, 87774, 87782, 87831, 87970, 88029, 88030, 88305, 88306, 88308, 88328, 88428, 88445, 88514, 88530, 88573, 88597, 88665, 88740, 88772, 88777, 88797, 88842, 88857, 88929, 89193, 89194, 89263, 89271, 89295, 89342, 89350, 89359, 89381, 89418, 89419, 89428, 89486, 89493, 89507, 89519, 89520, 89521, 89542, 89555, 89568, 89579, 89595, 89596, 89634, 89636, 89731, 89791, 89822, 89842, 89898, 89955, 89988, 89991, 89997, 90065, 90118, 90143, 90211, 90233, 90267, 90288, 90468, 90512, 90514, 90562, 90627, 90683, 90828, 90842, 90856, 90906, 90958, 90985, 91041, 91105, 91128, 91138, 91140, 91156, 91180, 91189, 91198, 91217, 91260, 91284, 91330, 91333, 91343, 91446, 91465, 91479, 91513, 91515, 91536, 91555, 91556, 91567, 91603, 91604, 91605, 91606, 91611, 91618, 91626, 91683, 91697, 91704, 91706, 91710, 91737, 91749, 91752, 91754, 91766, 91767, 91771, 91773, 91779, 91780, 91791, 91800, 91801, 91802, 91842, 91864, 91870, 91874, 91882, 91898, 91963, 91970, 91975, 92013, 92054, 92111, 92112, 92127, 92236, 92307, 92335, 92349, 92354, 92360, 92389, 92414, 92432, 92468, 92476, 92492, 92583, 92617, 92724, 92809, 92825, 92829, 92830, 92864, 92889, 92932, 92944, 92951, 92953, 93008, 93013, 93017, 93042, 93043, 93044, 93052, 93080, 93137, 93166, 93167, 93168, 93172, 93185, 93207, 93313, 93351, 93362, 93371, 93385, 93388, 93417, 93627, 93632, 93640, 93648, 93652, 93670, 93673, 93696, 93729, 93732, 93747, 93748, 93749, 93767, 93786, 93791, 93854, 93920, 93984, 93995, 94057, 94072, 94131, 94166, 94184, 94209, 94254, 94303, 94320, 94334, 94335, 94348, 94373, 94394, 94405, 94422, 94435, 94450, 94462, 94466, 94483, 94484, 94508, 94522, 94604, 94616, 94633, 94670, 94696, 94708, 94709, 94843, 94854, 94870, 94884, 94899, 94915, 94945, 94949, 94952, 94953, 94992, 95036, 95037, 95039, 95112, 95120, 95190, 95191, 95202, 95217, 95218, 95238, 95271, 95286, 95300, 95302, 95338, 95376, 95417, 95514, 95549, 95564, 95573, 95576, 95612, 95660, 95666, 95693, 95741, 95761, 95779, 95819, 95853, 95865, 95998, 96032, 96067, 96089, 96090, 96092, 96128, 96237, 96309, 96310, 96333, 96349, 96350, 96356, 96368, 96371, 96379, 96421, 96461, 96494, 96495, 96505, 96531, 96566, 96630, 96653, 96669, 96691, 96730, 96758, 96765, 96782, 96866, 96913, 96949, 96998, 97018, 97086, 97124, 97140, 97160, 97172, 97258, 97259, 97326, 97339, 97392, 97465, 97466, 97489, 97490, 97515, 97541, 97561, 97575, 97584, 97592, 97778, 97794, 97827, 97828, 97830, 97832, 97834, 97836, 97873, 97877, 97938, 98107, 98205, 98213, 98216, 98276, 98279, 98291, 98357, 98368, 98371, 98375, 98377, 98378, 98398, 98404, 98459, 98511, 98551, 98556, 98563, 98599, 98630, 98631, 98701, 98713, 98723, 98739, 98742, 98743, 98768, 98786, 98788, 98790, 98796, 98799, 98800, 98801, 98825, 98847, 98870, 98878, 98922, 98923, 98937, 98970, 98985, 99010, 99032, 99132, 99164, 99215, 99252, 99261, 99270, 99288, 99307, 99313, 99314, 99329, 99332, 99362, 99401, 99403, 99429, 99464, 99492, 99572, 99586, 99600, 99604, 99612, 99659, 99683, 99708, 99730, 99740, 99763, 99774, 99791, 99807, 99861, 99862, 99915, 99961, 99975, 99980, 99985, 100005, 100020, 100037, 100066, 100104, 100108, 100141, 100198, 100230, 100278, 100279, 100285, 100315, 100339, 100356, 100380, 100385, 100401, 100402, 100517, 100533, 100539, 100543, 100566, 100570, 100575, 100579, 100586, 100615, 100621, 100638, 100639, 100644, 100649, 100651, 100658, 100668, 100676, 100680, 100689, 100711, 100717, 100719, 100755, 100775, 100785, 100792, 100827, 100828, 100866, 100888, 100928, 100931, 100939, 100945, 100949, 101009, 101011, 101012, 101022, 101042, 101072, 101131, 101180, 101187, 101240, 101260, 101286, 101324, 101328, 101329, 101339, 101389, 101394, 101397, 101404, 101438, 101474, 101484, 101529, 101567, 101573, 101575, 101648, 101659, 101692, 101740, 101779, 101792, 101797, 101835, 101869, 101877, 101888, 101929, 101946, 101947, 101970, 101973, 101983, 102016, 102034, 102080, 102088, 102117, 102139, 102141, 102144, 102194, 102225, 102226, 102273, 102274, 102287, 102301, 102307, 102311, 102320, 102321, 102322, 102331, 102364, 102377, 102393, 102397, 102440, 102453, 102486, 102521, 102527, 102539, 102545, 102581, 102600, 102615, 102637, 102638, 102656, 102664, 102707, 102714, 102716, 102717, 102718, 102772, 102880, 102883, 102886, 102887, 102906, 102948, 103014, 103028, 103030, 103037, 103053, 103084, 103102, 103105, 103106, 103129, 103163, 103165, 103169, 103179, 103193, 103205, 103216, 103250, 103318, 103339, 103341, 103344, 103355, 103365, 103411, 103441, 103481, 103511, 103580, 103642, 103697, 103728, 103742, 103788, 103790, 103814, 103854, 103857, 103859, 103879, 103961, 104008, 104029, 104030, 104075, 104097, 104099, 104134, 104137, 104163, 104165, 104239, 104275, 104299, 104300, 104312, 104325, 104332, 104415, 104434, 104475, 104502, 104535, 104539, 104542, 104549, 104602, 104604, 104629, 104660, 104662, 104678, 104683, 104686, 104700, 104701, 104703, 104715, 104724, 104745, 104746, 104776, 104787, 104826, 104831, 104839, 104847, 104861, 104874, 104876, 104902, 104913, 104924, 104950, 105019, 105033, 105035, 105050, 105051, 105068, 105094, 105102, 105112, 105142, 105144, 105190, 105241, 105281, 105292, 105294, 105316, 105425, 105457, 105491, 105492, 105502, 105518, 105526, 105529, 105552, 105625, 105635, 105638, 105684, 105697, 105714, 105756, 105797, 105904, 105912, 105919, 105924, 105940, 105952, 105954, 105955, 105977, 105987, 106037, 106081, 106212, 106229, 106230, 106233, 106240, 106253, 106262, 106268, 106278, 106282, 106304, 106396, 106453, 106523, 106525, 106549, 106553, 106570, 106574, 106583, 106584, 106653, 106660, 106670, 106679, 106685, 106724, 106736, 106753, 106755, 106765, 106800, 106817, 106940, 107083, 107100, 107103, 107116, 107135, 107150, 107158, 107184, 107190, 107211, 107217, 107224, 107233, 107238, 107246, 107247, 107275, 107282, 107299, 107341, 107440, 107446, 107450, 107460, 107461, 107468, 107470, 107474, 107516, 107530, 107554, 107555, 107564, 107584, 107637, 107641, 107703, 107734, 107735, 107741, 107755, 107800, 107803, 107831, 107855, 107912, 108010, 108083, 108132, 108221, 108270, 108273, 108276, 108285, 108289, 108305, 108318, 108349, 108389, 108398, 108417, 108447, 108489, 108490, 108521, 108542, 108560, 108573, 108584, 108617, 108675, 108676, 108687, 108704, 108724, 108780, 108929, 108938, 108960, 108973, 108983, 109012, 109042, 109047, 109055, 109069, 109110, 109121, 109171, 109192, 109240, 109246, 109263, 109269, 109276, 109298, 109387, 109395, 109420, 109427, 109428, 109435, 109494, 109509, 109523, 109529, 109530, 109569, 109578, 109582, 109583, 109586, 109617, 109618, 109639, 109642, 109644, 109647, 109665, 109695, 109700, 109720, 109728, 109764, 109877, 109899, 110016, 110024, 110029, 110062, 110081, 110102, 110139, 110142, 110171, 110201, 110206, 110233, 110259, 110261, 110268, 110272, 110277, 110278, 110280, 110285, 110293, 110306, 110330, 110338, 110349, 110423, 110428, 110443, 110501, 110524, 110541, 110547, 110558, 110610, 110616, 110632, 110641, 110642, 110663, 110677, 110690, 110694, 110696, 110716, 110726, 110792, 110794, 110796, 110833, 110895, 110899, 110932, 110934, 110935, 110938, 110941, 110961, 110963, 110967, 110973, 110984, 110990, 110992, 110993, 110994, 110996, 111000, 111001, 111002, 111004, 111012, 111013, 111045, 111046, 111052, 111061, 111074, 111091, 111101, 111112, 111126, 111143, 111178, 111190, 111212, 111232, 111238, 111288, 111316, 111387, 111395, 111402, 111447, 111480, 111537, 111570, 111584, 111593, 111598, 111603, 111607, 111609, 111626, 111636, 111640, 111641, 111643, 111647, 111648, 111649, 111651, 111666, 111670, 111674, 111693, 111728, 111730, 111732, 111754, 111755, 111760, 111768, 111792, 111801, 111810, 111811, 111815, 111816, 111818, 111821, 111822, 111823, 111825, 111826, 111828, 111829, 111835, 111838, 111843, 111846, 111849, 111852, 111862, 111879, 111890, 111892, 111905, 111906, 111911, 111913, 111926, 111927, 111950, 111951, 111955, 111959, 111961, 111962, 111969, 111970, 111981, 111982, 111985, 111995, 112019, 112049, 112112, 112124, 112222, 112223, 112346, 112371, 112399, 112400, 112452, 112482, 112491, 112492, 112495, 112499, 112500, 112524, 112531, 112578, 112587, 112588, 112599, 112609, 112655, 112657, 112658, 112670, 112708, 112709, 112711, 112727, 112743, 112750, 112759, 112762, 112766, 112772, 112794, 112799, 112820, 112821, 112850, 112868, 112937, 112969, 113005, 113007, 113022, 113046, 113075, 113102, 113115, 113120, 113151, 113186, 113255, 113258, 113265, 113312, 113321, 113330, 113339, 113347, 113348, 113351, 113360, 113374, 113384, 113421, 113423, 113443, 113445, 113457, 113495, 113623, 113627, 113653, 113654, 113658, 113706, 113731, 113753, 113759, 113786, 113789, 113796, 113867, 113869, 113932, 113933, 114021, 114048, 114050, 114099, 114135, 114170, 114171, 114175, 114178, 114205, 114219, 114249, 114251, 114317, 114321, 114324, 114327, 114337, 114373, 114383, 114384, 114390, 114399, 114407, 114422, 114427, 114458, 114471, 114512, 114521, 114538, 114656, 114665, 114666, 114674, 114684, 114691, 114694, 114697, 114730, 114744, 114755, 114810, 114813, 114814, 114817, 114867, 114910, 114931, 114934, 114942, 114989, 115038, 115071, 115072, 115120, 115131, 115149, 115175, 115179, 115181, 115260, 115276, 115289, 115323, 115400, 115418, 115433, 115445, 115472, 115479, 115489, 115494, 115499, 115524, 115559, 115712, 115804, 115826, 115843, 115846, 115855, 115866, 115873, 115881, 115883, 115950, 115954, 115972, 116008, 116047, 116149, 116215, 116312, 116356, 116359, 116377, 116457, 116512, 116517, 116536, 116581, 116619, 116634, 116641, 116662, 116798, 116905, 116925, 116931, 116963, 116969, 117020, 117023, 117041, 117061, 117062, 117065, 117121, 117149, 117154, 117187, 117203, 117214, 117223, 117232, 117244, 117264, 117308, 117357, 117391, 117397, 117411, 117422, 117434, 117563, 117564, 117590, 117595, 117633, 117658, 117716, 117860, 117902, 117917, 117981, 118095, 118126, 118134, 118189, 118202, 118207, 118208, 118272, 118280, 118302, 118303, 118305, 118308, 118316, 118322, 118335, 118387, 118512, 118514, 118586, 118624, 118684, 118794, 118813, 118839, 118911, 118915, 118965, 119054, 119058, 119071, 119096, 119110, 119170, 119194, 119228, 119238, 119239, 119255, 119321, 119323, 119328, 119396, 119437, 119493, 119514, 119524, 119527, 119558, 119583, 119616, 119631, 119633, 119674, 119677, 119693, 119702, 119718, 119755, 119769, 119770, 119773, 119780, 119793, 119847, 119861, 120007, 120018, 120054, 120055, 120079, 120117, 120153, 120163, 120179, 120213, 120218, 120224, 120259, 120269, 120271, 120343, 120406, 120470, 120625, 120639, 120739, 120750, 120775, 120845, 120854, 120874, 120880, 120889, 120902, 120909, 120916, 120953, 120980, 121043, 121044, 121046, 121058, 121163, 121290, 121314, 121319, 121338, 121344, 121357, 121362, 121423, 121430, 121440, 121497, 121501, 121609, 121665, 121683, 121789, 121992, 122016, 122018, 122030, 122064, 122120, 122131, 122135, 122142, 122167, 122229, 122258, 122259, 122412, 122418, 122426, 122467, 122470, 122502, 122521, 122595, 122642, 122649, 122732, 122734, 122747, 122748, 122749, 122803, 122816, 122821, 122822, 122843, 122846, 122848, 122865, 122869, 122895, 122907, 122917, 122931, 122932, 122946, 122957, 122972, 122977, 122999, 123035, 123057, 123072, 123154, 123184, 123202, 123210, 123223, 123279, 123280, 123283, 123326, 123327, 123377, 123388, 123452, 123454, 123460, 123465, 123501, 123508, 123529, 123533, 123565, 123571, 123590, 123592, 123659, 123682, 123688, 123725, 123738, 123742, 123771, 123870, 124003, 124073, 124081, 124100, 124185, 124187, 124331, 124355, 124376, 124398, 124406, 124560, 124676, 124729, 124755, 124773, 124827, 124853, 124859, 124870, 124924, 124965, 125043, 125044, 125054, 125085, 125136, 125356, 125392, 125396, 125412, 125418, 125479, 125518, 125522, 125525, 125535, 125544, 125546, 125552, 125570, 125572, 125595, 125639, 125703, 125829, 125876, 125893, 125904, 125905, 125924, 125981, 125991, 125995, 126000, 126018, 126019, 126021, 126024, 126033, 126058, 126147, 126167, 126282, 126284, 126375, 126458, 126487, 126517, 126626, 126692, 126822, 126843, 126915, 126969, 126977, 126991, 127009, 127014, 127016, 127035, 127102, 127133, 127150, 127184, 127301, 127316, 127319, 127327, 127413, 127458, 127467, 127475, 127541, 127563, 127565, 127583, 127717, 127738, 127801, 127828, 127835, 127840, 127867, 127873, 127935, 127948, 127957, 128084, 128094, 128130, 128144, 128155, 128359, 128438, 128441, 128453, 128491, 128645, 128658, 128663, 128687, 128814, 128828, 128863, 128865, 129507, 129554, 129838, 130011, 130182, 130215, 130720, 131411, 131823, 132188, 132673, 133988, 135188]
Di-3,7-OH	[64994, 65035, 65155, 65264, 65307, 74482, 74486, 74610, 76792, 80925, 81730, 82364, 84305, 84782, 84784, 84976, 85109, 85493, 85756, 85834, 86753, 86944, 87019, 87351, 87774, 88573, 88932, 89396, 89399, 89506, 89637, 89770, 90060, 90136, 90143, 90175, 90188, 90201, 90290, 90400, 90402, 90405, 90408, 90409, 90443, 90506, 90508, 90773, 90776, 90813, 90906, 91055, 91133, 91267, 91291, 91368, 91467, 91567, 91864, 91878, 91965, 92045, 92199, 92216, 92361, 92414, 92536, 92617, 92709, 92746, 92747, 92828, 92895, 92951, 92991, 92996, 93767, 94035, 94204, 94209, 94537, 94716, 94854, 94884, 94916, 94949, 95218, 95286, 95783, 96128, 96333, 96404, 96817, 96860, 97032, 97243, 97392, 97465, 97834, 98356, 98551, 98560, 98701, 98713, 98788, 98790, 98799, 98800, 98870, 98937, 99261, 99586, 99604, 99659, 99768, 99807, 99941, 99961, 99971, 100057, 100320, 100476, 100509, 100532, 100631, 101020, 101171, 101189, 101197, 101198, 101277, 101285, 101381, 101403, 101430, 101437, 101473, 101474, 101582, 101756, 101877, 101973, 102141, 102313, 102597, 102611, 102615, 102723, 102994, 103046, 103697, 104475, 104476, 104542, 104686, 104902, 105050, 105491, 105492, 105526, 105555, 105571, 105940, 106037, 106229, 106230, 106240, 106253, 106262, 106263, 106265, 106462, 106574, 106653, 106801, 106817, 107087, 107246, 107247, 107440, 107446, 107468, 107470, 107703, 107741, 107755, 108221, 108318, 108527, 108808, 108921, 109023, 109644, 109700, 109720, 110272, 110457, 110524, 110547, 110716, 110792, 110993, 111045, 111046, 111190, 111317, 111570, 111603, 111640, 111641, 111643, 111647, 111648, 111649, 111692, 111721, 111732, 111768, 111801, 111818, 111822, 111823, 111826, 111828, 111829, 111838, 111843, 111852, 111890, 111892, 111905, 111906, 111926, 111962, 111981, 111982, 112175, 112252, 112253, 112318, 112346, 112499, 112599, 112734, 112799, 113151, 113260, 113421, 113423, 113623, 113653, 113932, 114050, 114327, 114453, 114674, 114744, 114989, 115071, 115072, 115085, 115120, 115131, 115276, 115400, 115445, 115972, 116215, 116356, 116488, 116634, 116681, 116798, 117187, 117203, 117308, 117357, 117812, 117860, 117881, 117902, 118130, 118189, 118207, 118208, 118214, 118280, 118302, 118303, 118305, 118316, 118407, 118479, 118512, 118514, 118586, 118624, 118664, 118716, 118813, 118911, 119010, 119058, 119071, 119073, 119130, 119145, 119200, 119228, 119328, 119514, 119554, 119631, 119755, 119773, 119793, 119885, 120153, 120216, 120372, 120406, 120889, 121058, 121163, 121203, 121262, 121277, 121314, 121411, 121692, 121769, 121822, 122016, 122064, 122080, 122135, 122142, 122167, 122259, 122322, 122407, 122412, 122426, 122464, 122502, 122595, 122734, 122747, 122821, 122822, 122865, 122869, 122890, 122895, 122931, 122932, 123184, 123210, 123279, 123280, 123625, 123659, 123682, 123870, 123912, 123997, 124003, 124015, 124037, 124284, 124355, 124406, 124853, 125151, 125356, 125392, 125396, 125479, 125522, 125544, 125570, 125648, 125685, 125893, 125951, 125977, 126000, 126021, 126033, 126058, 126078, 126730, 126752, 126862, 126915, 127012, 127043, 127114, 127184, 127319, 127583, 127717, 127828, 128130, 128155, 128162, 128174, 128195, 128658, 128814, 128865, 132188, 132432, 133988, 135188]
Di-3,12b-OH; 7,12b-OH	[65028, 65075, 65540, 76751, 77258, 80294, 80997, 82055, 82354, 83320, 85239, 86115, 86615, 86683, 86758, 86862, 87277, 87737, 88327, 88404, 88665, 89143, 89381, 89704, 90509, 90704, 90958, 91041, 91046, 91050, 91056, 91180, 91189, 91380, 91555, 91710, 91842, 91883, 92349, 92354, 92547, 92752, 92809, 92864, 92932, 93042, 93043, 93044, 93048, 93052, 93068, 93172, 93181, 93313, 93388, 93648, 93652, 93673, 93857, 94036, 94080, 94153, 94281, 94316, 94394, 94546, 94843, 94899, 94902, 94911, 94915, 94993, 95037, 95112, 95741, 95998, 96368, 96379, 96421, 96495, 96730, 96752, 96782, 97116, 97124, 97172, 97244, 97571, 97830, 98208, 98303, 98341, 98404, 98508, 98563, 98584, 98599, 98630, 98718, 98917, 98985, 99288, 99329, 99332, 99429, 99464, 99621, 99638, 99740, 99872, 100005, 100116, 100230, 100315, 100575, 100707, 100866, 100887, 100935, 100989, 101022, 101104, 101187, 101249, 101286, 101298, 101299, 101387, 101404, 101659, 101692, 101717, 101779, 101780, 101821, 101834, 101867, 101942, 102034, 102112, 102128, 102178, 102226, 102274, 102311, 102321, 102322, 102331, 102333, 102335, 102377, 102393, 102486, 102772, 102883, 102886, 102948, 103014, 103020, 103132, 103163, 103189, 103405, 103481, 103518, 103543, 103566, 103728, 103934, 104097, 104099, 104239, 104300, 104312, 104356, 104358, 104514, 104516, 104568, 104629, 104662, 104701, 104710, 104715, 104745, 104924, 105123, 105179, 105190, 105294, 105408, 105435, 105678, 105977, 106095, 106212, 106419, 106475, 106671, 106765, 106839, 107103, 107135, 107211, 107333, 107341, 107395, 107451, 107798, 107912, 108217, 108521, 108771, 108951, 108958, 109007, 109047, 109166, 109263, 109276, 109318, 109395, 109428, 109494, 109665, 109764, 109988, 110029, 110102, 110171, 110184, 110259, 110277, 110280, 110306, 110349, 110474, 110501, 110541, 110616, 110735, 110955, 110982, 111101, 111126, 111203, 111395, 111400, 111447, 111537, 111565, 111584, 111598, 111607, 111674, 111756, 111804, 111815, 111995, 112048, 112094, 112112, 112222, 112400, 112500, 112576, 112578, 112588, 112657, 112658, 112670, 112793, 112971, 113120, 113164, 113255, 113258, 113339, 113374, 113654, 113706, 113727, 113731, 113759, 113786, 113789, 113933, 114135, 114170, 114249, 114251, 114324, 114373, 114390, 114691, 114730, 114817, 114867, 115002, 115105, 115159, 115289, 115373, 115385, 115538, 115826, 115843, 115855, 115921, 116008, 116047, 116133, 116134, 116149, 116177, 116512, 116536, 116617, 116641, 116662, 116888, 116917, 116988, 117042, 117043, 117045, 117061, 117062, 117065, 117074, 117081, 117086, 117121, 117154, 117214, 117223, 117245, 117277, 117426, 117464, 117598, 117635, 117639, 117660, 117716, 117853, 117886, 117981, 117991, 118126, 118128, 118134, 118218, 118234, 118335, 118362, 118401, 118510, 118653, 118684, 118789, 118794, 119115, 119170, 119194, 119238, 119346, 119518, 119558, 119633, 119667, 119677, 119702, 119781, 119861, 119952, 120224, 120233, 120259, 120269, 120343, 120470, 120845, 120916, 121107, 121149, 121366, 121394, 121424, 121440, 121449, 121501, 121683, 121964, 122092, 122327, 122438, 122444, 122448, 122642, 122735, 122946, 122957, 122999, 123072, 123377, 123423, 123453, 123495, 123501, 123529, 123688, 123908, 123942, 124185, 124187, 124398, 124474, 124497, 124629, 124676, 124729, 124755, 124773, 124819, 124827, 124859, 124924, 125011, 125043, 125085, 125146, 125226, 125286, 125418, 125518, 125525, 125535, 125572, 125587, 125595, 125761, 125829, 125904, 125965, 125991, 125995, 126108, 126318, 126375, 126692, 126804, 126843, 126991, 127009, 127014, 127029, 127102, 127133, 127405, 127409, 127467, 127475, 127530, 127541, 127565, 127801, 127835, 127867, 127873, 127948, 127957, 127995, 128491, 129255, 130078, 130215, 130720, 131823]
All_ketone	[79593, 81730, 84935, 85512, 85539, 85819, 86628, 87003, 87830, 88445, 88912, 89506, 89704, 89955, 91041, 91536, 92468, 93080, 93194, 93786, 93803, 93867, 94214, 94346, 94416, 94992, 95761, 96491, 96734, 97032, 97575, 97704, 97806, 97997, 98357, 98860, 99191, 100037, 100319, 100496, 100566, 100707, 100880, 100993, 101283, 101463, 102016, 102891, 103028, 103030, 104163, 104847, 105292, 105431, 106229, 106553, 106671, 107083, 109246, 110285, 111395, 111609, 111849, 112048, 112710, 112727, 112821, 112833, 113186, 113384, 114538, 114663, 116199, 117214, 117223, 117660, 118335, 118387, 119255, 119321, 119328, 120639, 121161, 121393, 122946, 123035, 125639, 132673]
3k_7or12_OH	[62903, 73682, 73753, 81892, 83076, 85415, 85811, 86115, 86615, 86909, 87075, 87609, 87626, 87647, 88042, 88777, 89428, 89486, 89493, 89506, 89521, 89555, 89636, 90118, 90512, 90958, 91128, 91333, 91758, 92389, 92671, 92832, 93276, 93537, 94172, 94484, 94899, 94916, 95853, 96309, 96356, 96379, 96691, 96913, 96929, 97830, 97836, 98368, 98378, 98398, 99270, 99290, 99492, 99622, 99861, 100141, 100235, 100356, 100539, 100575, 100586, 100615, 100638, 100687, 100866, 101197, 101339, 101484, 101530, 101532, 101648, 101792, 101929, 101942, 101970, 102139, 102141, 102338, 103037, 103179, 103411, 103742, 103857, 104008, 104163, 104331, 104356, 104678, 105123, 105425, 105940, 105981, 105987, 106200, 106752, 108419, 108573, 108647, 108678, 108938, 109166, 109764, 110259, 110262, 110278, 111395, 111570, 111768, 111913, 112049, 112124, 112452, 112482, 112493, 112495, 112531, 112710, 112713, 112727, 112759, 112820, 112832, 112833, 112846, 112868, 112937, 112969, 113005, 113007, 113020, 113186, 113265, 113312, 113347, 113351, 113360, 113384, 113495, 113867, 114321, 114512, 114744, 114867, 115373, 115411, 115418, 115489, 116008, 116133, 116177, 116457, 117042, 117308, 117622, 118076, 119527, 119847, 120639, 121064, 121430, 121497, 122502, 122843, 122895, 122932, 123453, 123508, 123533, 123565, 123566, 123590, 123738, 125043, 125054, 126843, 126862, 127405, 128144, 128438]
3a_12k	[86628, 87003, 88912, 89506, 89704, 94169, 94389, 103341, 104662, 104787, 104950, 108960, 109069, 118095, 124081, 124236, 124389]
3,6,7	[58496, 71766, 73428, 74029, 76751, 76999, 77026, 79332, 79440, 79565, 80781, 80819, 81058, 82062, 82085, 82164, 82260, 82266, 82269, 82318, 82322, 82711, 82731, 83017, 83794, 83946, 84071, 84226, 84233, 84258, 84550, 84579, 84837, 84906, 84976, 85003, 85040, 85436, 85601, 85604, 85693, 85742, 85745, 86112, 86628, 86737, 86742, 86758, 86772, 86866, 86944, 87002, 87192, 87529, 87611, 87911, 87942, 87970, 88029, 88048, 88281, 88327, 88597, 88692, 88912, 89704, 89955, 90014, 90201, 90245, 90267, 90278, 90506, 90522, 90549, 90856, 91864, 92045, 92112, 92361, 92468, 92475, 92830, 92963, 93185, 93230, 93632, 93749, 93884, 93975, 94057, 94166, 94303, 94387, 94450, 94716, 94854, 94884, 95040, 95104, 95217, 95612, 95817, 95865, 96067, 96092, 96501, 96565, 96643, 96651, 96711, 96734, 96949, 97086, 97259, 97466, 97509, 97592, 97619, 97696, 97806, 98208, 98279, 98356, 98522, 98556, 98701, 98745, 98785, 99134, 99164, 99191, 99401, 99464, 99567, 99612, 99620, 100198, 100203, 100276, 100278, 100285, 100319, 100737, 101011, 101072, 101081, 101328, 101397, 101437, 101651, 101710, 101834, 101877, 102494, 102994, 103189, 103318, 103355, 104012, 104134, 104332, 104463, 104549, 104701, 104703, 104745, 104787, 105051, 105294, 105675, 105779, 105919, 106150, 106553, 106583, 106625, 106660, 106679, 106724, 106725, 106736, 106753, 106800, 107116, 107184, 107242, 107530, 107685, 107701, 107741, 107773, 107793, 107804, 107833, 107855, 107867, 107868, 108350, 108353, 108374, 108389, 108448, 108515, 108687, 108914, 108923, 108960, 108983, 109011, 109069, 109349, 109386, 109395, 109529, 109530, 109582, 109617, 109621, 109728, 109748, 109871, 109872, 110024, 110142, 110441, 110524, 110529, 110579, 110694, 110726, 110990, 111046, 111212, 111288, 111447, 111703, 111801, 111838, 111852, 112400, 112562, 112911, 112912, 113348, 113731, 114170, 114483, 114521, 114817, 114934, 115181, 115499, 115972, 116199, 116209, 116215, 116377, 117646, 117658, 118214, 118234, 118380, 119035, 119255, 119321, 119328, 119396, 119493, 120018, 120213, 120218, 120343, 120625, 121043, 121046, 121449, 121789, 122135, 122167, 122946, 122957, 123327, 123529, 123625, 124185, 124965, 125059, 125168, 125396, 125417, 125486, 125639, 126330, 126458, 128084, 129493, 132188, 132673, 133988]
3,7a,12a-OH	[79434, 82818, 83015, 83126, 83333, 83461, 83462, 83469, 83582, 83583, 83672, 83749, 84744, 84912, 84934, 84942, 84968, 84990, 85306, 85602, 85675, 86111, 86114, 86220, 86273, 88393, 88428, 88694, 88772, 88826, 90413, 90468, 91260, 91446, 91515, 91605, 91710, 91754, 91765, 91800, 91970, 92476, 92760, 94131, 94137, 94184, 94320, 94335, 94450, 95300, 95417, 95564, 98291, 99032, 100217, 101739, 107743]
3,6b,7b-OH	[65203, 76709, 76751, 77078, 77151, 77153, 77802, 79152, 79833, 79895, 81397, 81530, 81575, 81835, 81892, 82425, 82638, 82711, 83746, 84200, 85008, 85132, 85262, 85285, 85481, 85543, 85623, 85756, 85828, 85960, 85983, 86147, 86172, 86463, 86595, 86615, 86641, 86753, 86758, 86866, 86982, 87002, 87019, 87111, 87192, 87456, 87506, 87830, 88029, 88040, 88260, 88328, 88530, 88597, 88692, 88795, 88926, 88933, 89514, 89520, 89568, 89595, 89791, 89822, 89842, 89988, 90175, 90211, 90267, 90361, 90497, 90758, 90856, 91050, 91138, 91189, 91536, 91870, 91874, 91975, 92045, 92236, 92335, 92414, 92468, 92536, 92702, 92746, 92823, 92864, 92996, 93044, 93052, 93100, 93137, 93184, 93207, 93351, 93696, 93767, 93791, 93854, 93920, 93966, 94166, 94254, 94405, 94435, 94462, 94483, 94559, 94604, 95120, 95202, 95352, 95757, 95834, 95853, 96032, 96349, 96379, 96421, 96495, 96643, 96653, 96714, 96758, 96782, 97175, 97489, 97571, 97575, 97827, 97828, 97836, 97871, 97877, 98141, 98303, 98304, 98394, 98398, 98472, 98631, 98973, 99270, 99314, 99464, 99586, 99718, 99874, 99975, 100108, 100141, 100242, 100509, 100517, 100615, 100639, 100707, 100766, 100785, 100822, 100866, 100888, 100930, 100935, 100991, 101045, 101180, 101197, 101299, 101302, 101319, 101329, 101384, 101387, 101437, 101474, 101530, 101600, 101709, 101795, 101821, 101843, 101867, 101931, 101970, 101971, 102016, 102034, 102117, 102144, 102194, 102321, 102333, 102377, 102453, 102611, 102772, 102834, 102883, 102886, 102891, 102919, 103030, 103053, 103102, 103106, 103132, 103224, 103331, 103446, 103511, 103592, 103742, 103814, 103854, 103857, 103867, 103879, 103906, 104008, 104012, 104163, 104265, 104325, 104415, 104535, 104597, 104629, 104678, 104745, 104746, 104839, 104877, 104913, 104988, 105094, 105102, 105294, 105316, 105463, 105502, 105679, 105684, 105848, 105919, 105952, 106304, 106525, 106538, 106570, 106724, 106800, 106873, 106884, 106885, 106953, 107103, 107158, 107184, 107211, 107584, 107595, 107637, 107703, 107793, 107831, 107960, 107961, 108289, 108349, 108398, 108417, 108542, 108560, 108780, 108803, 108960, 109110, 109121, 109237, 109263, 109723, 109973, 110062, 110142, 110176, 110610, 110696, 110794, 110796, 110875, 110931, 110961, 111112, 111178, 111387, 111767, 111926, 112453, 112715, 112750, 112822, 112823, 112969, 113005, 113046, 113330, 113443, 113495, 113514, 113627, 113727, 113867, 114047, 114048, 114175, 114407, 114418, 114677, 114691, 114730, 114817, 114903, 115072, 115433, 115444, 115479, 115499, 115846, 115873, 116312, 116359, 116641, 116905, 117023, 117086, 117223, 117245, 117633, 117646, 117716, 118202, 118387, 118586, 118965, 119047, 119110, 119255, 119780, 120916, 121149, 121161, 121357, 121388, 121665, 121982, 122145, 122229, 122418, 122977, 123452, 123529, 123771, 124081, 124187, 124337, 124389, 124464, 124676, 124701, 125017, 125085, 125417, 125518, 125572, 126282, 127475, 127588, 127801, 128162, 128378, 128453, 128491, 130720, 130738, 131411, 131657, 131823]
3,6a,7a-OH	[45053, 74344, 76399, 77076, 77859, 78602, 79896, 82261, 82768, 82849, 83541, 83829, 84117, 84377, 84399, 85307, 86480, 86670, 87003, 87480, 87483, 88005, 89493, 89596, 90014, 90060, 90201, 90290, 90400, 90405, 90704, 90985, 91041, 91055, 91184, 91198, 91235, 91267, 91284, 91317, 91330, 91358, 91368, 91467, 91626, 92111, 92360, 92658, 92679, 92833, 92889, 93080, 93194, 93308, 93640, 93796, 93803, 93995, 94040, 94072, 94080, 94131, 94204, 94228, 94360, 94506, 94676, 94916, 95037, 95514, 95699, 95741, 96309, 96461, 96494, 96510, 96691, 96817, 96913, 96945, 96949, 97778, 98205, 98207, 98250, 98500, 98743, 98768, 99095, 99275, 99612, 100668, 100890, 100931, 100998, 101189, 101198, 101249, 101260, 101285, 101328, 101460, 101508, 101692, 101797, 101822, 101947, 102177, 102313, 102393, 102948, 103339, 103365, 103625, 104138, 104239, 104407, 104542, 104701, 104715, 105254, 105453, 105627, 105656, 105678, 106736, 106753, 107087, 107129, 107150, 107242, 107706, 107773, 107796, 107833, 107871, 108124, 108678, 109012, 109291, 109454, 109695, 110285, 110338, 110441, 110910, 111463, 112094, 112670, 113312, 114744, 114983, 115038, 115482, 116209, 116377, 116969, 117020, 117081, 117886, 117991, 119633, 119677, 120213, 120218, 121043, 121290, 122642, 124042, 128663, 130215]
3,6b,7a-OH_3,6a,7b-OH	[61836, 74321, 74873, 76114, 76751, 76792, 77468, 77583, 77908, 79010, 79385, 79860, 80002, 80866, 81001, 82500, 82731, 83083, 83524, 83621, 83742, 84329, 84690, 84837, 84941, 85096, 85738, 85756, 86050, 86335, 86758, 86781, 86862, 86944, 87018, 87032, 87034, 87752, 88005, 88644, 89348, 89506, 89637, 89644, 89816, 89997, 90837, 90842, 90856, 91041, 91140, 91180, 91189, 91211, 91339, 91343, 91555, 91756, 91809, 91845, 91878, 92000, 92127, 92310, 92361, 92365, 92382, 92400, 92414, 92537, 92561, 92763, 93043, 93055, 93181, 93308, 93313, 93464, 93490, 93857, 93867, 94063, 94360, 94633, 94714, 94779, 94843, 95040, 95321, 95549, 95665, 95741, 95998, 96067, 96089, 96379, 96388, 96404, 96421, 96495, 96520, 96599, 96787, 96821, 96860, 96869, 96917, 96929, 97032, 97243, 97571, 97592, 97668, 98194, 98508, 98560, 98723, 98892, 98970, 99095, 99134, 99307, 99429, 99586, 99941, 99990, 100108, 100279, 100285, 100356, 100421, 100443, 100459, 100628, 100639, 100707, 100949, 100957, 100998, 101064, 101072, 101081, 101167, 101277, 101299, 101303, 101387, 101397, 101704, 101740, 101749, 101834, 101856, 101867, 101947, 102054, 102056, 102108, 102112, 102128, 102141, 102202, 102273, 102322, 102328, 102368, 102393, 102453, 102539, 102551, 102723, 102895, 102942, 102948, 102963, 102994, 103037, 103060, 103120, 103163, 103308, 103331, 103355, 103396, 103713, 103906, 103934, 104099, 104539, 104700, 104710, 104724, 104746, 104924, 104950, 105068, 105091, 105183, 105254, 105339, 105453, 105457, 105518, 105529, 105656, 105684, 105977, 106029, 106231, 106347, 106396, 106414, 106523, 106585, 106800, 107025, 107042, 107087, 107103, 107129, 107158, 107224, 107333, 107341, 107450, 107486, 107555, 107637, 107703, 107793, 107800, 107833, 107855, 107969, 108584, 108617, 108929, 108983, 109055, 109171, 109269, 109275, 109387, 109446, 109523, 109529, 109564, 109578, 109582, 109605, 109748, 109872, 109877, 109973, 110051, 110062, 110103, 110259, 110338, 110430, 110524, 110632, 110694, 110726, 111046, 111112, 111126, 111288, 111447, 111521, 111525, 111593, 111607, 111626, 111985, 112019, 112024, 112056, 112272, 112408, 112578, 112609, 112670, 112708, 112911, 112912, 113120, 113348, 113445, 113516, 113654, 113727, 113739, 114028, 114048, 114135, 114170, 114175, 114249, 114418, 114684, 114744, 114813, 114934, 114947, 115002, 115085, 115105, 115383, 115411, 115650, 115826, 115830, 115950, 115972, 116008, 116149, 116312, 116341, 116457, 116484, 116512, 116536, 116697, 116836, 117065, 117244, 117250, 117371, 117422, 117658, 117931, 118002, 118095, 118239, 118278, 118322, 118380, 118965, 119054, 119073, 119096, 119145, 119255, 119314, 119346, 119650, 119657, 119677, 120018, 120053, 120054, 120055, 120218, 120259, 120269, 120625, 120775, 120874, 121344, 121362, 121394, 121423, 121683, 121775, 121959, 122439, 122470, 122492, 122673, 122704, 122985, 123057, 123072, 123154, 123283, 123326, 123377, 123452, 124143, 124331, 124337, 124376, 124398, 124486, 124613, 124701, 124773, 125146, 125198, 125226, 125606, 125639, 125904, 125942, 125995, 126282, 126325, 126561, 126626, 126792, 126822, 126843, 126979, 126991, 127133, 127198, 127316, 127409, 127530, 127541, 127682, 127745, 127811, 127867, 127935, 127948, 128162, 128441, 128453, 128620, 129067, 129554, 131286]
3,6b,7a-OH	[81399, 82776, 85439, 86220, 87395, 87424, 88305, 88306, 88402, 88428, 88588, 88786, 89193, 89381, 89419, 91603, 91737, 91963, 92944, 93184, 97592, 98368, 98377, 98378, 98511, 99215, 99492, 99915, 100339, 106753, 109871, 111955, 112531, 112599, 112655, 115179, 115972, 119321, 119396, 125011, 125995]
3,6a,7b-OH	[82322, 83015, 83333, 83461, 83462, 83468, 83582, 84912, 84922, 84942, 84984, 84989, 85005, 85675, 86273, 88698, 88830, 91609, 91611, 91697, 91701, 91706, 91749, 91752, 91754, 91767, 91780, 91801, 99329, 107135]
